Iam[A],n[%]
27,77.43173156
25.9,77.70571784
23.8,78.14946353
19.9,78.59881869
15,77.9710368
9.2,72.80016989
2.5,19.1421952
,
