Iam[A],T[kgÅEm]
27,1.198499033
25.9,1.162108766
23.8,1.065570454
19.9,0.90264834
15,0.679454513
9.2,0.404941423
2.5,0.076397902
,
