界磁電流If[A],同期インピーダンス修正
0.21,49.92511233
0.33,33.33333333
0.44,25
0.57,19.86886549
0.69,16.30523398
