Iag[A],‚Ž[per]
21.2,0.727333589
4.24,0.518192517
8.48,0.652702165
12.72,0.703164874
16.96,0.722477484
25.44,0.724621516
